depto,victim_conflict,response,friendliness,substantive,gender_female,words_responses,victim_ID
ANTIOQUIA,1,0,0,0,0,0,1
NORTE DE SANTANDER,1,0,0,0,0,0,2
ANTIOQUIA,0,0,0,0,1,0,3
META,0,0,0,0,0,0,4
CHOCO,0,0,0,0,1,0,5
HUILA,1,0,0,0,0,0,6
BOLIVAR,1,0,0,0,1,0,7
HUILA,0,0,0,0,1,0,8
CUNDINAMARCA,1,1,5,2,0,151,9
CESAR,1,1,3,2,1,74,10
SANTANDER,0,0,0,0,1,0,11
CALDAS,1,0,0,0,1,0,12
CASANARE,1,1,3,1,1,86,13
CESAR,1,0,0,0,1,0,14
HUILA,1,0,0,0,1,0,15
CUNDINAMARCA,1,1,2,1,1,74,16
NARINO,1,0,0,0,1,0,17
CAQUETA,1,0,0,0,1,0,18
LA GUAJIRA,0,1,0,0,1,39,19
SANTANDER,0,1,1,1,0,68,20
VALLE DEL CAUCA,1,0,0,0,1,0,21
NARINO,1,0,0,0,1,0,22
ANTIOQUIA,1,0,0,0,1,0,23
MAGDALENA,1,0,0,0,1,0,24
HUILA,1,0,0,0,0,0,25
CAUCA,1,0,0,0,0,0,26
BOYACA,1,1,5,1,1,150,27
TOLIMA,1,1,6,2,0,106,28
HUILA,0,1,1,2,0,84,29
CHOCO,1,1,2,1,0,24,30
BOLIVAR,1,0,0,0,0,0,31
TOLIMA,0,1,4,2,1,121,32
ANTIOQUIA,1,0,0,0,1,0,33
ANTIOQUIA,0,0,0,0,0,0,34
TOLIMA,1,1,6,2,0,196,35
CUNDINAMARCA,1,0,0,0,1,0,36
NARINO,1,0,0,0,1,0,37
VALLE DEL CAUCA,1,1,1,2,0,51,38
ANTIOQUIA,0,0,0,0,1,0,39
ANTIOQUIA,1,1,5,1,0,30,40
ANTIOQUIA,0,0,0,0,1,0,41
CUNDINAMARCA,0,0,0,0,1,0,42
ANTIOQUIA,0,0,0,0,1,0,43
CALDAS,0,1,3,3,1,413,44
VALLE DEL CAUCA,1,1,2,3,0,236,45
ANTIOQUIA,1,0,0,0,1,0,46
TOLIMA,0,1,0,0,0,15,47
ANTIOQUIA,0,1,0,0,1,6,48
RISARALDA,1,1,4,1,1,25,49
CUNDINAMARCA,1,0,0,0,1,0,50
BOYACA,1,0,0,0,0,0,51
MAGDALENA,1,0,0,0,1,0,52
CALDAS,0,1,2,1,1,50,53
SANTANDER,1,0,0,0,1,0,54
ARAUCA,1,0,0,0,0,0,55
ARAUCA,1,0,0,0,0,0,56
CUNDINAMARCA,1,1,5,1,1,125,57
NARINO,1,0,0,0,0,0,58
NORTE DE SANTANDER,0,0,0,0,0,0,59
ANTIOQUIA,1,0,0,0,0,0,60
BOYACA,1,0,0,0,0,0,61
BOLIVAR,1,0,0,0,1,0,62
CAUCA,1,1,4,1,1,23,63
ANTIOQUIA,1,0,0,0,0,0,64
VALLE DEL CAUCA,1,0,0,0,1,0,65
MAGDALENA,1,0,0,0,0,0,66
BOLIVAR,1,0,0,0,0,0,67
ANTIOQUIA,0,0,0,0,1,0,68
QUINDIO,0,1,4,3,0,395,69
TOLIMA,1,0,0,0,1,0,70
BOLIVAR,1,0,0,0,1,0,71
CESAR,1,0,0,0,0,0,72
TOLIMA,1,1,5,4,0,102,73
CHOCO,1,0,0,0,0,0,74
CORDOBA,0,0,0,0,0,0,75
CHOCO,1,0,0,0,0,0,76
CHOCO,0,0,0,0,0,0,77
CHOCO,1,0,0,0,1,0,78
CAUCA,0,0,0,0,0,0,79
RISARALDA,1,1,2,2,0,94,80
ATLANTICO,1,1,4,2,0,138,81
HUILA,0,0,0,0,0,0,82
NARINO,1,0,0,0,1,0,83
ANTIOQUIA,1,1,6,1,0,26,84
SANTANDER,1,0,0,0,0,0,85
SANTANDER,0,0,0,0,0,0,86
META,1,0,0,0,0,0,87
SANTANDER,1,0,0,0,0,0,88
LA GUAJIRA,1,0,0,0,1,0,89
BOLIVAR,1,0,0,0,1,0,90
ATLANTICO,0,1,3,4,1,649,91
CESAR,0,0,0,0,1,0,92
CALDAS,1,0,0,0,0,0,93
CAQUETA,1,0,0,0,0,0,94
RISARALDA,1,1,4,1,1,22,95
BOYACA,1,1,1,2,0,137,96
NARINO,1,0,0,0,0,0,97
ANTIOQUIA,1,1,5,3,0,1090,98
ANTIOQUIA,0,1,5,2,1,201,99
CUNDINAMARCA,1,0,0,0,1,0,100
BOYACA,0,1,3,1,1,62,101
ANTIOQUIA,0,1,2,2,0,97,102
BOYACA,1,1,3,1,0,41,103
ANTIOQUIA,1,0,0,0,0,0,104
SANTANDER,1,0,0,0,1,0,105
CUNDINAMARCA,1,1,6,4,1,116,106
BOYACA,1,0,0,0,1,0,107
NORTE DE SANTANDER,1,0,0,0,0,0,108
CUNDINAMARCA,0,0,0,0,1,0,109
CHOCO,1,0,0,0,0,0,110
CAUCA,1,1,2,2,1,103,111
SANTANDER,0,0,0,0,1,0,112
VALLE DEL CAUCA,1,1,4,1,0,60,113
CESAR,1,0,0,0,1,0,114
BOYACA,0,1,1,0,1,42,115
BOYACA,1,1,3,1,0,57,116
ANTIOQUIA,1,0,0,0,0,0,117
SANTANDER,0,1,0,0,1,50,118
NORTE DE SANTANDER,0,0,0,0,1,0,119
VALLE DEL CAUCA,0,0,0,0,0,0,120
BOYACA,1,1,6,2,0,308,121
CORDOBA,1,0,0,0,0,0,122
QUINDIO,0,0,0,0,0,0,123
SUCRE,0,0,0,0,1,0,124
CAUCA,1,0,0,0,1,0,125
NARINO,0,0,0,0,0,0,126
VALLE DEL CAUCA,1,1,6,1,1,46,127
ANTIOQUIA,1,1,5,2,0,84,128
BOYACA,0,0,0,0,1,0,129
CUNDINAMARCA,1,1,1,1,1,53,130
SANTANDER,1,1,2,1,1,188,131
META,1,1,6,2,1,172,132
ANTIOQUIA,1,0,0,0,1,0,133
CUNDINAMARCA,1,1,3,1,1,66,134
NORTE DE SANTANDER,1,0,0,0,1,0,135
NORTE DE SANTANDER,0,0,0,0,0,0,136
ANTIOQUIA,1,0,0,0,1,0,137
VALLE DEL CAUCA,1,1,6,1,0,51,138
SUCRE,1,0,0,0,1,0,139
TOLIMA,0,0,0,0,1,0,140
CAUCA,0,0,0,0,1,0,141
CUNDINAMARCA,0,0,0,0,0,0,142
BOLIVAR,1,0,0,0,0,0,143
GUAVIARE,1,0,0,0,1,0,144
QUINDIO,1,1,1,4,1,486,145
BOYACA,1,0,0,0,1,0,146
ANTIOQUIA,1,1,4,1,1,66,147
CAUCA,1,0,0,0,1,0,148
SANTANDER,1,1,2,1,0,24,149
VALLE DEL CAUCA,1,1,4,2,0,55,150
CAUCA,0,0,0,0,1,0,151
ANTIOQUIA,1,1,4,2,1,146,152
ATLANTICO,1,0,0,0,0,0,153
HUILA,1,0,0,0,1,0,154
BOYACA,0,0,0,0,1,0,155
CORDOBA,0,0,0,0,1,0,156
ANTIOQUIA,0,1,5,1,1,98,157
VALLE DEL CAUCA,0,1,3,3,1,79,158
ATLANTICO,0,0,0,0,0,0,159
BOLIVAR,1,0,0,0,0,0,160
CUNDINAMARCA,0,1,0,0,0,9,161
SANTANDER,1,1,4,1,1,56,162
CUNDINAMARCA,0,0,0,0,0,0,163
ANTIOQUIA,1,1,5,3,0,100,164
ANTIOQUIA,1,1,3,2,1,52,165
SANTANDER,1,0,0,0,0,0,166
ANTIOQUIA,0,0,0,0,0,0,167
TOLIMA,1,1,4,2,0,127,168
CUNDINAMARCA,1,1,4,1,1,105,169
CHOCO,1,1,2,0,1,29,170
ANTIOQUIA,0,0,0,0,1,0,171
CAQUETA,1,0,0,0,0,0,172
BOLIVAR,1,0,0,0,1,0,173
VALLE DEL CAUCA,1,1,3,1,1,196,174
VAUPES,1,1,3,3,1,144,175
TOLIMA,0,1,3,2,1,71,176
META,1,1,1,0,0,38,177
ANTIOQUIA,0,0,0,0,1,0,178
SANTANDER,0,0,0,0,0,0,179
CORDOBA,0,0,0,0,0,0,180
BOYACA,0,0,0,0,0,0,181
SANTANDER,0,1,3,3,1,121,182
MAGDALENA,1,0,0,0,0,0,183
CHOCO,1,0,0,0,0,0,184
NARINO,0,0,0,0,0,0,185
CUNDINAMARCA,1,1,4,2,0,102,186
SUCRE,1,0,0,0,0,0,187
CASANARE,0,0,0,0,1,0,188
TOLIMA,0,0,0,0,0,0,189
SANTANDER,1,1,3,1,0,30,190
SANTANDER,1,0,0,0,0,0,191
CUNDINAMARCA,1,1,1,1,0,25,192
ANTIOQUIA,1,1,3,1,1,41,193
CORDOBA,1,0,0,0,0,0,194
SANTANDER,1,0,0,0,0,0,195
CESAR,1,0,0,0,0,0,196
NORTE DE SANTANDER,0,1,3,2,1,89,197
BOYACA,0,1,0,0,1,21,198
CALDAS,1,0,0,0,1,0,199
CORDOBA,0,1,2,1,1,65,200
CUNDINAMARCA,1,0,0,0,1,0,201
SANTANDER,0,1,1,1,1,32,202
BOYACA,0,0,0,0,1,0,203
BOYACA,1,0,0,0,1,0,204
CESAR,0,1,0,0,0,32,205
BOYACA,1,0,0,0,1,0,206
BOYACA,1,0,0,0,0,0,207
NORTE DE SANTANDER,0,1,3,1,1,47,208
BOYACA,1,1,2,2,1,102,209
BOYACA,1,1,2,1,0,95,210
MAGDALENA,1,0,0,0,0,0,211
BOYACA,1,0,0,0,1,0,212
CUNDINAMARCA,0,0,0,0,0,0,213
CUNDINAMARCA,1,0,0,0,0,0,214
BOLIVAR,1,0,0,0,0,0,215
CORDOBA,0,0,0,0,1,0,216
MAGDALENA,1,0,0,0,1,0,217
BOYACA,1,1,5,1,0,60,218
SANTANDER,1,0,0,0,1,0,219
QUINDIO,0,0,0,0,1,0,220
ANTIOQUIA,1,0,0,0,0,0,221
ANTIOQUIA,1,0,0,0,0,0,222
BOLIVAR,1,0,0,0,0,0,223
ANTIOQUIA,0,1,2,1,1,61,224
TOLIMA,0,0,0,0,1,0,225
CUNDINAMARCA,1,0,0,0,1,0,226
HUILA,0,0,0,0,1,0,227
NARINO,1,0,0,0,0,0,228
PUTUMAYO,1,1,4,4,0,277,229
SUCRE,0,0,0,0,1,0,230
BOYACA,1,0,0,0,0,0,231
ANTIOQUIA,1,0,0,0,0,0,232
SANTANDER,0,0,0,0,1,0,233
MAGDALENA,0,0,0,0,0,0,234
ANTIOQUIA,1,0,0,0,0,0,235
CHOCO,1,0,0,0,0,0,236
SANTANDER,1,0,0,0,1,0,237
NARINO,1,1,5,2,0,123,238
NARINO,0,0,0,0,0,0,239
SANTANDER,1,1,5,1,0,55,240
NORTE DE SANTANDER,1,1,2,2,1,55,241
ANTIOQUIA,0,1,4,1,1,46,242
BOYACA,1,1,3,1,1,71,243
BOLIVAR,1,0,0,0,1,0,244
NARINO,0,1,2,2,0,43,245
QUINDIO,0,1,3,2,1,94,246
CAUCA,1,0,0,0,0,0,247
SANTANDER,1,0,0,0,0,0,248
SUCRE,0,0,0,0,1,0,249
BOYACA,0,0,0,0,0,0,250
CUNDINAMARCA,0,1,0,0,0,8,251
CORDOBA,1,0,0,0,0,0,252
BOYACA,0,0,0,0,1,0,253
SUCRE,0,0,0,0,0,0,254
TOLIMA,0,0,0,0,0,0,255
ARAUCA,1,0,0,0,0,0,256
NARINO,1,0,0,0,0,0,257
BOYACA,1,0,0,0,0,0,258
META,1,1,2,2,1,101,259
BOYACA,0,0,0,0,1,0,260
CUNDINAMARCA,1,1,6,2,0,197,261
NORTE DE SANTANDER,0,1,2,0,0,75,262
NORTE DE SANTANDER,1,1,5,1,1,71,263
BOYACA,0,1,2,1,1,436,264
META,0,0,0,0,1,0,265
VICHADA,0,0,0,0,1,0,266
NARINO,0,0,0,0,0,0,267
NARINO,0,0,0,0,0,0,268
TOLIMA,1,0,0,0,1,0,269
CAQUETA,1,0,0,0,0,0,270
SANTANDER,1,0,0,0,0,0,271
CESAR,1,0,0,0,0,0,272
ANTIOQUIA,1,0,0,0,0,0,273
VALLE DEL CAUCA,1,0,0,0,0,0,274
LA GUAJIRA,1,0,0,0,1,0,275
LA GUAJIRA,0,0,0,0,1,0,276
TOLIMA,1,0,0,0,0,0,277
ANTIOQUIA,0,0,0,0,0,0,278
RISARALDA,0,1,2,1,0,25,279
BOYACA,1,1,1,2,0,142,280
NORTE DE SANTANDER,1,0,0,0,0,0,281
ANTIOQUIA,1,1,5,1,1,50,282
VALLE DEL CAUCA,0,0,0,0,1,0,283
ANTIOQUIA,1,0,0,0,0,0,284
MAGDALENA,0,0,0,0,1,0,285
VALLE DEL CAUCA,1,1,5,4,1,245,286
META,1,0,0,0,1,0,287
CHOCO,1,0,0,0,1,0,288
CHOCO,1,0,0,0,1,0,289
BOLIVAR,0,0,0,0,1,0,290
SANTANDER,1,1,5,4,0,193,291
ANTIOQUIA,1,0,0,0,0,0,292
NORTE DE SANTANDER,0,0,0,0,1,0,293
META,1,1,3,2,1,78,294
VALLE DEL CAUCA,1,1,3,1,1,72,295
NARINO,1,0,0,0,0,0,296
BOYACA,1,1,5,1,0,264,297
CUNDINAMARCA,1,1,3,4,0,297,298
CESAR,1,0,0,0,0,0,299
CAQUETA,1,0,0,0,0,0,300
META,1,0,0,0,0,0,301
VALLE DEL CAUCA,0,0,0,0,1,0,302
BOYACA,1,1,2,1,0,17,303
SANTANDER,1,1,3,3,1,148,304
BOLIVAR,1,0,0,0,0,0,305
CHOCO,1,0,0,0,0,0,306
LA GUAJIRA,0,0,0,0,0,0,307
CESAR,0,0,0,0,1,0,308
CAQUETA,0,1,1,2,1,123,309
NARINO,1,0,0,0,0,0,310
BOLIVAR,1,0,0,0,1,0,311
CUNDINAMARCA,1,0,0,0,1,0,312
SANTANDER,0,0,0,0,1,0,313
MAGDALENA,0,1,2,2,1,162,314
SANTANDER,0,1,0,0,0,18,315
MAGDALENA,1,0,0,0,0,0,316
GUAVIARE,1,1,1,2,0,68,317
SUCRE,0,0,0,0,0,0,318
CUNDINAMARCA,1,1,4,1,1,145,319
NARINO,1,0,0,0,0,0,320
ANTIOQUIA,1,0,0,0,0,0,321
NARINO,0,0,0,0,1,0,322
CAUCA,1,0,0,0,0,0,323
NARINO,0,0,0,0,1,0,324
NORTE DE SANTANDER,1,0,0,0,1,0,325
NORTE DE SANTANDER,1,1,0,0,1,6,326
HUILA,1,0,0,0,1,0,327
SANTANDER,1,1,3,1,1,51,328
SANTANDER,0,1,3,0,1,77,329
ANTIOQUIA,1,0,0,0,1,0,330
ANTIOQUIA,1,1,3,2,1,118,331
TOLIMA,0,1,2,3,1,213,332
CUNDINAMARCA,1,0,0,0,0,0,333
TOLIMA,1,1,2,2,0,150,334
CALDAS,1,1,2,1,0,62,335
QUINDIO,0,0,0,0,1,0,336
BOYACA,1,0,0,0,1,0,337
TOLIMA,1,0,0,0,1,0,338
CAQUETA,1,0,0,0,0,0,339
CAUCA,1,0,0,0,1,0,340
BOYACA,1,1,2,2,1,61,341
SANTANDER,1,1,1,2,0,28,342
VALLE DEL CAUCA,1,1,2,2,0,25,343
SANTANDER,1,1,3,4,0,552,344
CUNDINAMARCA,0,0,0,0,1,0,345
LA GUAJIRA,1,0,0,0,1,0,346
ARAUCA,1,0,0,0,1,0,347
CUNDINAMARCA,1,0,0,0,1,0,348
NARINO,1,1,5,3,1,37,349
ANTIOQUIA,0,0,0,0,0,0,350
TOLIMA,1,1,1,2,1,44,351
ANTIOQUIA,1,1,5,3,0,29,352
META,0,0,0,0,0,0,353
MAGDALENA,1,1,0,0,0,9,354
NARINO,0,1,1,3,1,106,355
CUNDINAMARCA,1,1,3,3,0,494,356
CUNDINAMARCA,1,1,5,3,1,185,357
CUNDINAMARCA,1,1,0,0,0,37,358
CUNDINAMARCA,1,0,0,0,1,0,359
CUNDINAMARCA,0,0,0,0,0,0,360
BOYACA,1,0,0,0,1,0,361
CUNDINAMARCA,1,0,0,0,1,0,362
SANTANDER,0,0,0,0,1,0,363
ATLANTICO,1,0,0,0,1,0,364
SUCRE,0,0,0,0,1,0,365
CUNDINAMARCA,1,0,0,0,0,0,366
CESAR,0,0,0,0,0,0,367
SANTANDER,0,1,6,3,1,59,368
BOYACA,1,0,0,0,1,0,369
BOYACA,0,1,4,2,0,34,370
HUILA,1,1,4,4,0,3177,371
QUINDIO,0,1,2,2,0,61,372
HUILA,0,0,0,0,0,0,373
VALLE DEL CAUCA,0,0,0,0,0,0,374
ANTIOQUIA,1,1,4,3,1,80,375
CUNDINAMARCA,1,1,2,1,0,31,376
ANTIOQUIA,1,0,0,0,1,0,377
SANTANDER,1,1,3,1,1,90,378
ANTIOQUIA,1,0,0,0,1,0,379
CESAR,0,0,0,0,0,0,380
NORTE DE SANTANDER,1,0,0,0,0,0,381
CUNDINAMARCA,0,1,2,1,1,56,382
META,1,0,0,0,1,0,383
ANTIOQUIA,1,0,0,0,1,0,384
SANTANDER,1,1,5,2,0,145,385
BOYACA,1,0,0,0,0,0,386
VALLE DEL CAUCA,1,0,0,0,0,0,387
CAUCA,1,1,3,1,0,57,388
CUNDINAMARCA,1,0,0,0,0,0,389
NARINO,0,0,0,0,1,0,390
VALLE DEL CAUCA,0,0,0,0,0,0,391
HUILA,1,0,0,0,0,0,392
ANTIOQUIA,0,0,0,0,0,0,393
SANTANDER,0,1,4,2,1,118,394
CUNDINAMARCA,1,0,0,0,1,0,395
NARINO,0,0,0,0,0,0,396
NARINO,1,1,6,2,0,146,397
MAGDALENA,1,1,3,1,0,88,398
META,0,1,4,2,0,92,399
TOLIMA,1,0,0,0,1,0,400
CAUCA,1,0,0,0,0,0,401
SANTANDER,1,1,0,0,0,1,402
SUCRE,1,0,0,0,1,0,403
ANTIOQUIA,1,0,0,0,0,0,404
CUNDINAMARCA,1,1,2,1,0,64,405
ANTIOQUIA,1,0,0,0,1,0,406
CUNDINAMARCA,0,0,0,0,0,0,407
CUNDINAMARCA,0,0,0,0,0,0,408
BOYACA,0,0,0,0,0,0,409
RISARALDA,0,1,2,2,1,87,410
SANTANDER,1,0,0,0,0,0,411
CUNDINAMARCA,1,1,5,1,0,112,412
CUNDINAMARCA,1,0,0,0,1,0,413
BOYACA,1,0,0,0,1,0,414
SANTANDER,0,1,0,0,1,1,415
BOYACA,1,0,0,0,1,0,416
CUNDINAMARCA,0,1,3,1,1,150,417
NORTE DE SANTANDER,1,0,0,0,0,0,418
BOLIVAR,1,0,0,0,0,0,419
CASANARE,1,0,0,0,0,0,420
SANTANDER,1,0,0,0,1,0,421
LA GUAJIRA,0,0,0,0,1,0,422
ANTIOQUIA,1,0,0,0,0,0,423
NORTE DE SANTANDER,1,0,0,0,1,0,424
TOLIMA,1,0,0,0,0,0,425
ANTIOQUIA,0,0,0,0,0,0,426
HUILA,0,0,0,0,0,0,427
TOLIMA,0,0,0,0,1,0,428
TOLIMA,1,0,0,0,1,0,429
TOLIMA,1,0,0,0,1,0,430
NARINO,0,0,0,0,1,0,431
NARINO,0,1,2,1,0,43,432
GUAINIA,0,1,3,1,1,62,433
CAUCA,0,0,0,0,1,0,434
NARINO,1,0,0,0,0,0,435
HUILA,1,0,0,0,0,0,436
HUILA,0,0,0,0,0,0,437
CHOCO,1,0,0,0,0,0,438
ANTIOQUIA,1,1,6,4,1,1892,439
ANTIOQUIA,1,1,2,3,1,50,440
BOYACA,0,0,0,0,1,0,441
CAUCA,1,0,0,0,1,0,442
VALLE DEL CAUCA,1,1,3,1,0,420,443
ANTIOQUIA,1,0,0,0,1,0,444
BOYACA,0,0,0,0,1,0,445
BOYACA,1,1,5,2,1,52,446
ANTIOQUIA,1,1,6,2,0,53,447
CUNDINAMARCA,1,0,0,0,1,0,448
SANTANDER,0,0,0,0,0,0,449
SANTANDER,0,0,0,0,1,0,450
ATLANTICO,1,1,1,0,0,49,451
CUNDINAMARCA,1,0,0,0,1,0,452
CHOCO,1,0,0,0,1,0,453
CORDOBA,1,0,0,0,0,0,454
HUILA,1,0,0,0,0,0,455
SANTANDER,0,1,1,1,0,41,456
CUNDINAMARCA,0,0,0,0,1,0,457
BOYACA,0,0,0,0,0,0,458
ANTIOQUIA,1,1,5,1,1,144,459
RISARALDA,0,1,6,3,1,89,460
NARINO,1,0,0,0,1,0,461
VALLE DEL CAUCA,1,0,0,0,0,0,462
CALDAS,0,1,0,0,0,29,463
NORTE DE SANTANDER,1,1,6,2,0,129,464
ANTIOQUIA,1,1,4,3,1,585,465
NARINO,1,1,6,3,0,189,466
CESAR,0,0,0,0,1,0,467
CESAR,1,0,0,0,1,0,468
LA GUAJIRA,1,0,0,0,1,0,469
NARINO,0,1,3,2,0,133,470
META,1,0,0,0,0,0,471
CALDAS,1,0,0,0,1,0,472
CUNDINAMARCA,1,0,0,0,1,0,473
CAQUETA,0,0,0,0,1,0,474
CUNDINAMARCA,1,0,0,0,1,0,475
CESAR,1,0,0,0,1,0,476
SANTANDER,1,0,0,0,0,0,477
CUNDINAMARCA,1,1,5,1,0,71,478
ANTIOQUIA,1,0,0,0,0,0,479
HUILA,1,1,4,2,0,85,480
NORTE DE SANTANDER,1,0,0,0,1,0,481
VICHADA,1,0,0,0,0,0,482
CASANARE,0,0,0,0,0,0,483
CAUCA,1,0,0,0,1,0,484
QUINDIO,0,1,4,2,1,129,485
NARINO,1,1,2,1,1,26,486
NARINO,1,0,0,0,1,0,487
ANTIOQUIA,0,0,0,0,0,0,488
SUCRE,0,0,0,0,0,0,489
VALLE DEL CAUCA,0,0,0,0,1,0,490
BOYACA,0,0,0,0,0,0,491
CAUCA,1,0,0,0,1,0,492
CUNDINAMARCA,1,1,5,1,1,84,493
BOYACA,1,1,2,1,1,82,494
VALLE DEL CAUCA,1,0,0,0,1,0,495
RISARALDA,1,0,0,0,0,0,496
NORTE DE SANTANDER,1,1,3,2,0,66,497
BOYACA,0,0,0,0,1,0,498
SANTANDER,0,0,0,0,0,0,499
SANTANDER,1,0,0,0,0,0,500
PUTUMAYO,1,0,0,0,1,0,501
NARINO,1,0,0,0,0,0,502
META,1,1,4,1,1,78,503
CUNDINAMARCA,1,1,3,1,0,89,504
TOLIMA,1,0,0,0,0,0,505
AMAZONAS,1,0,0,0,1,0,506
TOLIMA,1,0,0,0,1,0,507
ANTIOQUIA,1,1,4,1,0,97,508
NARINO,0,0,0,0,1,0,509
CHOCO,1,0,0,0,0,0,510
CAUCA,1,0,0,0,0,0,511
CORDOBA,0,0,0,0,1,0,512
NARINO,1,1,0,0,0,8,513
CORDOBA,1,0,0,0,1,0,514
SUCRE,1,0,0,0,0,0,515
NORTE DE SANTANDER,0,0,0,0,0,0,516
SANTANDER,1,1,5,1,0,86,517
NORTE DE SANTANDER,1,0,0,0,1,0,518
ATLANTICO,1,1,0,0,0,5,519
BOYACA,1,0,0,0,1,0,520
SANTANDER,1,1,3,1,1,53,521
ANTIOQUIA,0,0,0,0,1,0,522
CUNDINAMARCA,0,0,0,0,1,0,523
CUNDINAMARCA,0,1,5,1,0,82,524
BOLIVAR,0,1,3,2,0,107,525
NARINO,1,0,0,0,1,0,526
BOLIVAR,0,0,0,0,0,0,527
LA GUAJIRA,1,0,0,0,1,0,528
SUCRE,1,0,0,0,1,0,529
SANTANDER,1,0,0,0,0,0,530
ATLANTICO,0,0,0,0,1,0,531
NARINO,1,0,0,0,1,0,532
ATLANTICO,1,0,0,0,1,0,533
CESAR,0,0,0,0,1,0,534
LA GUAJIRA,1,0,0,0,0,0,535
CASANARE,0,0,0,0,0,0,536
CALDAS,1,1,1,0,1,11,537
CUNDINAMARCA,0,1,2,2,0,58,538
CALDAS,1,1,5,1,0,93,539
META,1,0,0,0,1,0,540
BOLIVAR,0,0,0,0,0,0,541
BOLIVAR,0,0,0,0,1,0,542
ANTIOQUIA,0,0,0,0,1,0,543
BOYACA,1,0,0,0,0,0,544
TOLIMA,0,1,3,2,0,75,545
CALDAS,1,0,0,0,1,0,546
CALDAS,1,0,0,0,1,0,547
RISARALDA,1,1,4,2,1,128,548
CALDAS,1,0,0,0,0,0,549
SANTANDER,1,1,2,0,1,27,550
CUNDINAMARCA,1,0,0,0,0,0,551
CHOCO,1,1,0,0,0,14,552
CHOCO,1,0,0,0,1,0,553
CHOCO,1,0,0,0,0,0,554
TOLIMA,1,0,0,0,0,0,555
CAUCA,1,0,0,0,0,0,556
META,1,0,0,0,1,0,557
CAQUETA,0,0,0,0,1,0,558
BOYACA,1,1,6,4,1,183,559
GUAVIARE,1,1,4,1,1,142,560
CAUCA,1,1,3,2,1,158,561
RISARALDA,1,0,0,0,0,0,562
VAUPES,1,1,5,3,1,161,563
PUTUMAYO,1,0,0,0,0,0,564
SANTANDER,1,0,0,0,1,0,565
SANTANDER,1,1,6,1,1,200,566
CORDOBA,1,0,0,0,0,0,567
BOLIVAR,0,0,0,0,0,0,568
BOYACA,1,0,0,0,0,0,569
BOYACA,1,1,2,2,0,76,570
BOYACA,1,0,0,0,0,0,571
CORDOBA,0,0,0,0,0,0,572
ANTIOQUIA,1,0,0,0,1,0,573
BOLIVAR,0,0,0,0,1,0,574
CORDOBA,0,0,0,0,0,0,575
QUINDIO,1,0,0,0,0,0,576
CORDOBA,1,1,4,1,1,41,577
CASANARE,1,0,0,0,1,0,578
BOLIVAR,0,0,0,0,1,0,579
CAUCA,1,0,0,0,1,0,580
CAQUETA,1,0,0,0,1,0,581
SUCRE,1,0,0,0,0,0,582
CUNDINAMARCA,1,1,3,1,1,104,583
NARINO,0,0,0,0,0,0,584
BOYACA,1,1,3,1,1,38,585
TOLIMA,0,0,0,0,0,0,586
ANTIOQUIA,1,0,0,0,0,0,587
ANTIOQUIA,1,0,0,0,0,0,588
NORTE DE SANTANDER,1,1,4,1,1,23,589
BOYACA,1,0,0,0,0,0,590
CUNDINAMARCA,0,0,0,0,0,0,591
NARINO,1,1,3,1,1,30,592
ANTIOQUIA,1,1,1,2,1,15,593
HUILA,1,0,0,0,0,0,594
TOLIMA,1,0,0,0,0,0,595
ANTIOQUIA,0,0,0,0,0,0,596
ANTIOQUIA,1,0,0,0,1,0,597
CALDAS,1,0,0,0,0,0,598
HUILA,1,0,0,0,1,0,599
CUNDINAMARCA,1,1,5,3,0,478,600
CUNDINAMARCA,1,1,5,2,0,126,601
CUNDINAMARCA,1,0,0,0,0,0,602
BOYACA,1,1,5,1,0,70,603
CUNDINAMARCA,0,0,0,0,1,0,604
CALDAS,1,0,0,0,1,0,605
BOLIVAR,1,0,0,0,0,0,606
CHOCO,1,0,0,0,0,0,607
MAGDALENA,0,0,0,0,1,0,608
BOYACA,1,1,5,1,1,50,609
CASANARE,1,0,0,0,1,0,610
CHOCO,0,0,0,0,0,0,611
VALLE DEL CAUCA,1,0,0,0,1,0,612
SANTANDER,1,0,0,0,0,0,613
NORTE DE SANTANDER,1,1,3,3,1,237,614
SANTANDER,0,0,0,0,1,0,615
BOYACA,1,0,0,0,1,0,616
NARINO,1,0,0,0,1,0,617
ANTIOQUIA,1,1,4,1,1,49,618
SANTANDER,1,1,2,1,1,207,619
HUILA,1,0,0,0,0,0,620
PUTUMAYO,1,0,0,0,0,0,621
CASANARE,1,0,0,0,1,0,622
TOLIMA,1,0,0,0,0,0,623
NARINO,1,0,0,0,0,0,624
BOYACA,0,0,0,0,0,0,625
SUCRE,1,0,0,0,1,0,626
BOYACA,1,0,0,0,0,0,627
CUNDINAMARCA,1,0,0,0,1,0,628
CALDAS,0,0,0,0,1,0,629
CAUCA,1,0,0,0,1,0,630
BOYACA,1,0,0,0,1,0,631
CAUCA,1,0,0,0,0,0,632
HUILA,1,0,0,0,0,0,633
CESAR,1,1,1,2,0,56,634
CUNDINAMARCA,1,0,0,0,0,0,635
BOYACA,0,1,1,1,0,42,636
BOYACA,0,0,0,0,1,0,637
HUILA,0,0,0,0,1,0,638
CALDAS,1,1,5,2,1,155,639
HUILA,1,0,0,0,1,0,640
ATLANTICO,1,1,2,1,1,188,641
SANTANDER,1,0,0,0,1,0,642
SANTANDER,1,0,0,0,0,0,643
VALLE DEL CAUCA,1,0,0,0,0,0,644
SUCRE,1,0,0,0,1,0,645
TOLIMA,1,0,0,0,1,0,646
NORTE DE SANTANDER,0,1,3,2,0,82,647
NORTE DE SANTANDER,0,0,0,0,1,0,648
CUNDINAMARCA,1,1,4,1,1,65,649
BOYACA,1,0,0,0,1,0,650
SANTANDER,0,1,4,2,0,234,651
CUNDINAMARCA,1,0,0,0,1,0,652
CUNDINAMARCA,1,1,5,4,0,236,653
NARINO,1,1,4,3,1,620,654
CAUCA,0,0,0,0,0,0,655
BOYACA,0,0,0,0,0,0,656
BOYACA,0,0,0,0,0,0,657
CASANARE,1,1,4,3,0,556,658
BOYACA,0,0,0,0,0,0,659
MAGDALENA,1,0,0,0,1,0,660
CESAR,1,0,0,0,1,0,661
ANTIOQUIA,1,1,3,2,1,45,662
CALDAS,1,0,0,0,1,0,663
ANTIOQUIA,0,0,0,0,1,0,664
RISARALDA,0,0,0,0,0,0,665
BOYACA,1,1,4,1,0,55,666
CAUCA,1,0,0,0,1,0,667
SANTANDER,1,1,2,4,1,438,668
TOLIMA,1,0,0,0,1,0,669
CAUCA,1,0,0,0,1,0,670
QUINDIO,1,0,0,0,0,0,671
MAGDALENA,0,0,0,0,1,0,672
SANTANDER,1,0,0,0,0,0,673
BOLIVAR,1,0,0,0,0,0,674
ATLANTICO,0,0,0,0,0,0,675
BOYACA,1,1,3,2,0,183,676
HUILA,0,1,1,0,0,36,677
HUILA,0,0,0,0,1,0,678
MAGDALENA,1,0,0,0,1,0,679
TOLIMA,1,0,0,0,0,0,680
CORDOBA,1,0,0,0,0,0,681
MAGDALENA,1,0,0,0,1,0,682
NARINO,0,1,4,2,0,99,683
ATLANTICO,1,0,0,0,0,0,684
ATLANTICO,1,0,0,0,0,0,685
CAUCA,1,0,0,0,1,0,686
CASANARE,1,1,4,1,1,82,687
NARINO,1,0,0,0,1,0,688
VALLE DEL CAUCA,1,1,2,3,0,351,689
TOLIMA,1,0,0,0,0,0,690
NARINO,1,0,0,0,0,0,691
SAN ANDRES,1,0,0,0,1,0,692
CESAR,1,1,2,1,1,26,693
CORDOBA,0,0,0,0,1,0,694
RISARALDA,0,1,4,1,1,52,695
ANTIOQUIA,1,1,5,1,0,95,696
MAGDALENA,1,0,0,0,1,0,697
SANTANDER,0,0,0,0,1,0,698
NARINO,1,0,0,0,1,0,699
PUTUMAYO,0,0,0,0,0,0,700
ANTIOQUIA,1,1,6,3,0,136,701
BOYACA,1,1,3,3,1,261,702
PUTUMAYO,1,1,1,1,1,73,703
VICHADA,0,0,0,0,1,0,704
ATLANTICO,1,0,0,0,1,0,705
META,0,0,0,0,1,0,706
CORDOBA,0,0,0,0,1,0,707
META,1,0,0,0,1,0,708
PUTUMAYO,1,0,0,0,0,0,709
CORDOBA,1,1,0,0,0,2,710
META,1,1,2,3,1,69,711
META,1,0,0,0,0,0,712
ANTIOQUIA,1,0,0,0,0,0,713
AMAZONAS,0,0,0,0,1,0,714
SANTANDER,1,0,0,0,0,0,715
CAQUETA,1,0,0,0,0,0,716
META,0,1,2,2,1,188,717
ARAUCA,1,0,0,0,0,0,718
CUNDINAMARCA,1,1,4,3,0,285,719
NORTE DE SANTANDER,1,0,0,0,1,0,720
CAUCA,1,0,0,0,0,0,721
ANTIOQUIA,1,0,0,0,0,0,722
SANTANDER,0,0,0,0,0,0,723
CUNDINAMARCA,1,1,6,3,1,205,724
NARINO,1,1,5,3,0,524,725
CAUCA,1,0,0,0,0,0,726
TOLIMA,1,1,6,3,0,131,727
CORDOBA,1,0,0,0,1,0,728
CUNDINAMARCA,1,0,0,0,0,0,729
CUNDINAMARCA,1,0,0,0,1,0,730
CHOCO,1,0,0,0,1,0,731
QUINDIO,1,1,5,1,0,158,732
RISARALDA,0,1,2,1,1,120,733
BOYACA,1,0,0,0,1,0,734
CUNDINAMARCA,1,1,2,1,1,46,735
NORTE DE SANTANDER,1,0,0,0,0,0,736
BOYACA,1,0,0,0,0,0,737
BOYACA,0,0,0,0,0,0,738
CASANARE,1,0,0,0,0,0,739
BOLIVAR,1,0,0,0,0,0,740
ANTIOQUIA,1,0,0,0,0,0,741
MAGDALENA,1,0,0,0,0,0,742
ATLANTICO,1,1,6,1,1,43,743
META,0,1,1,2,1,96,744
VALLE DEL CAUCA,1,1,3,1,0,66,745
ANTIOQUIA,0,1,5,2,1,168,746
CUNDINAMARCA,1,1,6,3,0,140,747
NARINO,1,0,0,0,1,0,748
CESAR,1,0,0,0,0,0,749
CHOCO,1,0,0,0,0,0,750
CHOCO,1,0,0,0,1,0,751
BOLIVAR,0,0,0,0,1,0,752
TOLIMA,0,0,0,0,1,0,753
VALLE DEL CAUCA,1,1,3,1,0,38,754
LA GUAJIRA,0,0,0,0,1,0,755
ANTIOQUIA,1,1,2,0,1,17,756
SANTANDER,0,0,0,0,1,0,757
CALDAS,1,0,0,0,1,0,758
CHOCO,1,0,0,0,0,0,759
CALDAS,1,0,0,0,1,0,760
HUILA,1,1,4,1,0,61,761
NARINO,1,1,2,0,0,25,762
VALLE DEL CAUCA,1,1,1,2,0,99,763
TOLIMA,1,0,0,0,1,0,764
BOYACA,1,0,0,0,1,0,765
CAUCA,1,1,2,1,1,58,766
TOLIMA,1,0,0,0,0,0,767
SANTANDER,1,0,0,0,0,0,768
ATLANTICO,0,1,0,0,1,3,769
ANTIOQUIA,1,1,4,2,0,66,770
CASANARE,1,1,2,1,0,24,771
ATLANTICO,0,0,0,0,1,0,772
MAGDALENA,0,0,0,0,1,0,773
ANTIOQUIA,1,0,0,0,1,0,774
BOYACA,1,1,2,1,0,16,775
CASANARE,0,1,6,2,1,108,776
BOYACA,0,0,0,0,0,0,777
CORDOBA,1,0,0,0,1,0,778
HUILA,0,0,0,0,0,0,779
CALDAS,1,0,0,0,1,0,780
MAGDALENA,1,0,0,0,0,0,781
NORTE DE SANTANDER,1,0,0,0,1,0,782
TOLIMA,0,0,0,0,1,0,783
QUINDIO,1,0,0,0,0,0,784
ANTIOQUIA,1,1,3,1,1,127,785
BOYACA,0,0,0,0,1,0,786
CALDAS,1,0,0,0,0,0,787
NARINO,0,1,2,1,0,32,788
SUCRE,1,0,0,0,1,0,789
HUILA,0,0,0,0,1,0,790
CESAR,1,1,6,2,0,130,791
ANTIOQUIA,0,1,5,1,0,86,792
NARINO,1,0,0,0,0,0,793
CORDOBA,1,0,0,0,0,0,794
SANTANDER,1,1,2,1,0,53,795
CORDOBA,0,0,0,0,1,0,796
CUNDINAMARCA,1,0,0,0,0,0,797
TOLIMA,0,0,0,0,0,0,798
SUCRE,0,0,0,0,1,0,799
SANTANDER,0,0,0,0,0,0,800
CORDOBA,1,1,2,1,1,25,801
CUNDINAMARCA,1,1,2,1,1,54,802
NARINO,1,0,0,0,0,0,803
NORTE DE SANTANDER,1,0,0,0,1,0,804
META,1,0,0,0,0,0,805
CORDOBA,1,0,0,0,0,0,806
ANTIOQUIA,1,1,5,2,1,92,807
CUNDINAMARCA,1,1,2,1,0,82,808
NORTE DE SANTANDER,1,1,5,2,1,230,809
BOLIVAR,1,0,0,0,1,0,810
CESAR,1,1,6,1,1,67,811
BOYACA,1,0,0,0,0,0,812
BOLIVAR,0,0,0,0,1,0,813
BOLIVAR,1,0,0,0,1,0,814
CUNDINAMARCA,1,0,0,0,0,0,815
ANTIOQUIA,0,0,0,0,0,0,816
PUTUMAYO,1,0,0,0,1,0,817
SANTANDER,1,1,6,3,1,183,818
BOLIVAR,1,0,0,0,0,0,819
BOLIVAR,1,0,0,0,0,0,820
ANTIOQUIA,1,0,0,0,0,0,821
SANTANDER,0,0,0,0,1,0,822
ANTIOQUIA,1,0,0,0,0,0,823
SANTANDER,0,0,0,0,0,0,824
BOYACA,1,1,5,1,0,100,825
CORDOBA,1,0,0,0,1,0,826
CAQUETA,1,1,5,2,0,255,827
GUAVIARE,1,0,0,0,1,0,828
CHOCO,0,0,0,0,0,0,829
CALDAS,0,0,0,0,1,0,830
META,1,1,3,2,0,116,831
SUCRE,1,0,0,0,0,0,832
CUNDINAMARCA,1,1,5,1,0,122,833
ANTIOQUIA,1,0,0,0,0,0,834
LA GUAJIRA,1,0,0,0,1,0,835
BOLIVAR,1,0,0,0,0,0,836
META,1,0,0,0,1,0,837
NARINO,1,0,0,0,1,0,838
BOYACA,0,0,0,0,0,0,839
CASANARE,1,1,4,1,1,86,840
SUCRE,0,0,0,0,1,0,841
ANTIOQUIA,1,1,5,1,0,55,842
TOLIMA,1,0,0,0,1,0,843
SUCRE,0,0,0,0,1,0,844
BOLIVAR,1,0,0,0,0,0,845
CESAR,1,0,0,0,0,0,846
META,1,1,4,3,0,710,847
BOYACA,1,0,0,0,1,0,848
BOYACA,0,1,2,1,0,64,849
SANTANDER,1,0,0,0,0,0,850
PUTUMAYO,0,0,0,0,1,0,851
SUCRE,1,0,0,0,1,0,852
BOYACA,1,1,2,1,1,55,853
BOLIVAR,1,0,0,0,1,0,854
NARINO,0,0,0,0,1,0,855
NARINO,0,1,2,2,1,101,856
ANTIOQUIA,1,0,0,0,1,0,857
ANTIOQUIA,0,0,0,0,0,0,858
SUCRE,0,0,0,0,1,0,859
VALLE DEL CAUCA,1,0,0,0,0,0,860
CORDOBA,1,0,0,0,0,0,861
ANTIOQUIA,1,1,3,1,0,30,862
ANTIOQUIA,0,0,0,0,0,0,863
MAGDALENA,0,0,0,0,0,0,864
CAUCA,0,0,0,0,0,0,865
SANTANDER,1,0,0,0,0,0,866
CAQUETA,0,0,0,0,0,0,867
ANTIOQUIA,0,0,0,0,1,0,868
MAGDALENA,1,0,0,0,1,0,869
NARINO,0,1,2,2,0,62,870
MAGDALENA,0,0,0,0,0,0,871
MAGDALENA,1,0,0,0,1,0,872
NARINO,1,0,0,0,0,0,873
ANTIOQUIA,0,0,0,0,0,0,874
SANTANDER,1,0,0,0,0,0,875
BOLIVAR,1,0,0,0,0,0,876
SANTANDER,0,0,0,0,1,0,877
TOLIMA,0,1,5,2,1,90,878
ATLANTICO,1,0,0,0,0,0,879
BOYACA,1,1,2,1,1,43,880
HUILA,1,0,0,0,1,0,881
MAGDALENA,0,1,1,2,1,89,882
RISARALDA,1,0,0,0,0,0,883
ANTIOQUIA,1,0,0,0,0,0,884
BOYACA,1,0,0,0,0,0,885
BOLIVAR,1,1,3,2,1,68,886
BOLIVAR,1,0,0,0,0,0,887
CAUCA,1,0,0,0,1,0,888
VICHADA,1,0,0,0,1,0,889
BOYACA,0,0,0,0,0,0,890
NARINO,1,0,0,0,0,0,891
ANTIOQUIA,0,0,0,0,1,0,892
BOYACA,1,1,1,0,1,23,893
CAUCA,1,1,3,1,0,53,894
SUCRE,1,0,0,0,1,0,895
NORTE DE SANTANDER,1,0,0,0,0,0,896
PUTUMAYO,0,0,0,0,1,0,897
ANTIOQUIA,0,0,0,0,0,0,898
ATLANTICO,1,0,0,0,0,0,899
RISARALDA,0,0,0,0,0,0,900
NARINO,1,0,0,0,0,0,901
ARAUCA,1,0,0,0,0,0,902
NORTE DE SANTANDER,1,0,0,0,1,0,903
CUNDINAMARCA,0,0,0,0,0,0,904
BOYACA,1,0,0,0,0,0,905
BOYACA,0,1,1,0,1,51,906
ANTIOQUIA,0,0,0,0,0,0,907
CUNDINAMARCA,0,1,3,3,1,164,908
VALLE DEL CAUCA,0,1,1,2,1,224,909
BOYACA,0,1,6,3,1,60,910
CUNDINAMARCA,1,1,2,1,0,135,911
PUTUMAYO,1,0,0,0,0,0,912
NORTE DE SANTANDER,1,1,3,2,1,90,913
CUNDINAMARCA,1,0,0,0,0,0,914
CAUCA,0,1,3,2,0,78,915
SANTANDER,1,1,0,0,0,15,916
CUNDINAMARCA,0,1,4,3,1,208,917
BOLIVAR,1,0,0,0,0,0,918
SUCRE,1,1,1,0,1,22,919
CHOCO,0,0,0,0,0,0,920
MAGDALENA,1,1,3,2,1,60,921
CUNDINAMARCA,1,1,5,3,1,187,922
BOYACA,1,0,0,0,0,0,923
BOYACA,0,0,0,0,0,0,924
SANTANDER,1,0,0,0,1,0,925
BOYACA,1,1,2,1,1,25,926
BOYACA,1,1,5,2,0,179,927
CAQUETA,0,0,0,0,0,0,928
ATLANTICO,0,0,0,0,1,0,929
CAQUETA,1,1,5,3,1,83,930
BOYACA,0,0,0,0,0,0,931
ANTIOQUIA,1,1,4,2,0,112,932
ANTIOQUIA,1,0,0,0,0,0,933
BOLIVAR,1,0,0,0,0,0,934
CUNDINAMARCA,1,1,5,2,1,125,935
BOYACA,1,1,1,1,1,86,936
BOYACA,1,0,0,0,1,0,937
BOYACA,1,1,5,1,0,64,938
CAUCA,0,0,0,0,1,0,939
SANTANDER,1,0,0,0,1,0,940
ATLANTICO,1,0,0,0,1,0,941
CAUCA,1,0,0,0,0,0,942
TOLIMA,1,0,0,0,0,0,943
HUILA,1,0,0,0,0,0,944
CUNDINAMARCA,0,1,5,3,0,126,945
CAUCA,1,1,0,0,0,2,946
SANTANDER,1,0,0,0,1,0,947
SUCRE,1,0,0,0,0,0,948
CUNDINAMARCA,1,1,4,1,1,88,949
CUNDINAMARCA,1,0,0,0,0,0,950
CALDAS,1,0,0,0,0,0,951
SANTANDER,1,1,3,1,0,188,952
CUNDINAMARCA,1,1,2,2,0,65,953
BOYACA,1,1,3,1,0,66,954
BOYACA,1,0,0,0,0,0,955
CUNDINAMARCA,1,1,6,1,1,180,956
BOYACA,1,1,0,0,0,64,957
CUNDINAMARCA,1,1,3,2,0,86,958
CHOCO,0,0,0,0,0,0,959
BOLIVAR,1,0,0,0,1,0,960
CESAR,1,0,0,0,0,0,961
CASANARE,1,0,0,0,0,0,962
ARAUCA,0,1,1,0,0,8,963
ANTIOQUIA,0,0,0,0,1,0,964
NARINO,1,0,0,0,1,0,965
NARINO,1,0,0,0,1,0,966
VAUPES,0,1,1,0,0,43,967
ANTIOQUIA,1,0,0,0,1,0,968
HUILA,0,0,0,0,1,0,969
ANTIOQUIA,0,0,0,0,0,0,970
BOYACA,1,0,0,0,1,0,971
CASANARE,1,0,0,0,0,0,972
CUNDINAMARCA,1,1,4,2,0,32,973
HUILA,0,1,4,1,1,66,974
CUNDINAMARCA,0,0,0,0,0,0,975
MAGDALENA,0,0,0,0,1,0,976
CUNDINAMARCA,0,1,3,2,1,165,977
BOYACA,1,1,2,2,1,180,978
NORTE DE SANTANDER,1,0,0,0,1,0,979
HUILA,1,1,3,1,0,65,980
HUILA,1,0,0,0,0,0,981
CUNDINAMARCA,1,0,0,0,0,0,982
BOYACA,1,1,3,1,1,80,983
BOYACA,1,0,0,0,1,0,984
CUNDINAMARCA,1,1,5,1,1,191,985
NORTE DE SANTANDER,0,1,3,3,1,86,986
CORDOBA,1,0,0,0,0,0,987
HUILA,1,1,6,1,1,64,988
CAUCA,1,1,3,1,0,55,989
CAUCA,0,0,0,0,0,0,990
BOYACA,1,1,3,1,0,94,991
BOYACA,0,1,4,2,0,83,992
BOLIVAR,0,0,0,0,1,0,993
ANTIOQUIA,1,1,4,1,0,38,994
BOYACA,0,0,0,0,0,0,995
CUNDINAMARCA,1,1,5,2,0,84,996
CUNDINAMARCA,0,1,3,2,0,179,997
BOYACA,1,0,0,0,1,0,998
NORTE DE SANTANDER,0,1,2,3,0,112,999
ANTIOQUIA,1,0,0,0,1,0,1000
SUCRE,1,0,0,0,1,0,1001
SANTANDER,0,1,2,2,0,41,1002
BOYACA,1,0,0,0,0,0,1003
CUNDINAMARCA,0,0,0,0,0,0,1004
CAUCA,1,1,5,1,0,140,1005
VALLE DEL CAUCA,0,0,0,0,0,0,1006
BOYACA,0,1,5,2,0,122,1007
CAUCA,0,1,4,2,0,199,1008
CASANARE,0,0,0,0,0,0,1009
VALLE DEL CAUCA,1,1,5,2,1,53,1010
ATLANTICO,1,0,0,0,1,0,1011
CORDOBA,1,0,0,0,0,0,1012
VALLE DEL CAUCA,0,1,4,3,0,437,1013
BOYACA,1,1,3,4,0,369,1014
BOYACA,1,0,0,0,1,0,1015
NARINO,1,0,0,0,1,0,1016
BOLIVAR,1,0,0,0,1,0,1017
BOLIVAR,0,0,0,0,0,0,1018
ANTIOQUIA,1,0,0,0,1,0,1019
BOYACA,1,1,3,1,1,139,1020
BOYACA,1,1,3,2,1,114,1021
BOYACA,1,1,3,1,0,34,1022
CUNDINAMARCA,1,0,0,0,1,0,1023
CUNDINAMARCA,0,0,0,0,1,0,1024
VALLE DEL CAUCA,0,1,4,3,1,247,1025
BOYACA,0,0,0,0,1,0,1026
CUNDINAMARCA,0,0,0,0,1,0,1027
CHOCO,1,1,6,2,1,141,1028
CHOCO,0,0,0,0,1,0,1029
ANTIOQUIA,0,0,0,0,1,0,1030
META,0,1,6,1,1,65,1031
LA GUAJIRA,1,0,0,0,0,0,1032
ANTIOQUIA,1,0,0,0,1,0,1033
LA GUAJIRA,1,1,1,3,1,186,1034
ATLANTICO,0,0,0,0,1,0,1035
CUNDINAMARCA,1,0,0,0,0,0,1036
ANTIOQUIA,1,1,3,2,1,73,1037
CORDOBA,0,1,1,2,0,28,1038
SANTANDER,0,0,0,0,1,0,1039
TOLIMA,0,0,0,0,0,0,1040
PUTUMAYO,0,0,0,0,0,0,1041
CESAR,1,1,0,0,0,10,1042
CAQUETA,1,0,0,0,0,0,1043
ANTIOQUIA,0,0,0,0,0,0,1044
ANTIOQUIA,1,0,0,0,1,0,1045
SANTANDER,1,0,0,0,1,0,1046
TOLIMA,1,0,0,0,0,0,1047
CUNDINAMARCA,0,1,3,1,0,71,1048
ANTIOQUIA,0,0,0,0,0,0,1049
BOYACA,1,1,6,1,0,70,1050
CUNDINAMARCA,1,1,3,1,0,46,1051
VALLE DEL CAUCA,0,0,0,0,0,0,1052
SANTANDER,1,0,0,0,1,0,1053
CUNDINAMARCA,1,0,0,0,1,0,1054
CALDAS,0,0,0,0,1,0,1055
ANTIOQUIA,1,0,0,0,0,0,1056
VALLE DEL CAUCA,1,0,0,0,1,0,1057
NORTE DE SANTANDER,0,0,0,0,1,0,1058
BOYACA,1,0,0,0,1,0,1059
CUNDINAMARCA,1,1,4,1,1,126,1060
NORTE DE SANTANDER,0,0,0,0,0,0,1061
CAUCA,1,0,0,0,1,0,1062
PUTUMAYO,0,1,1,1,1,38,1063
CUNDINAMARCA,1,1,2,1,1,44,1064
TOLIMA,1,1,4,2,0,169,1065
CALDAS,1,0,0,0,0,0,1066
BOLIVAR,0,0,0,0,0,0,1067
LA GUAJIRA,1,0,0,0,1,0,1068
SANTANDER,0,1,2,2,0,187,1069
CASANARE,0,1,2,2,0,128,1070
CUNDINAMARCA,1,1,5,3,1,160,1071
TOLIMA,1,0,0,0,1,0,1072
META,0,1,3,1,0,85,1073
HUILA,0,0,0,0,1,0,1074
CUNDINAMARCA,1,1,4,2,1,94,1075
CUNDINAMARCA,1,0,0,0,1,0,1076
BOYACA,0,1,1,1,1,20,1077
META,1,0,0,0,1,0,1078
CALDAS,0,0,0,0,0,0,1079
CUNDINAMARCA,0,0,0,0,0,0,1080
NARINO,0,1,0,0,1,38,1081
HUILA,1,1,1,1,0,107,1082
ANTIOQUIA,1,1,3,1,0,50,1083
ANTIOQUIA,1,0,0,0,0,0,1084
ANTIOQUIA,1,0,0,0,1,0,1085
ANTIOQUIA,1,0,0,0,1,0,1086
CASANARE,1,0,0,0,1,0,1087
VALLE DEL CAUCA,1,1,3,1,0,363,1088
VALLE DEL CAUCA,1,1,4,1,0,61,1089
BOLIVAR,0,0,0,0,0,0,1090
SANTANDER,1,0,0,0,0,0,1091
MAGDALENA,0,0,0,0,1,0,1092
ANTIOQUIA,1,1,2,2,0,231,1093
VALLE DEL CAUCA,0,1,3,2,0,76,1094
BOYACA,1,0,0,0,0,0,1095
CUNDINAMARCA,1,1,6,3,1,301,1096
CUNDINAMARCA,0,1,2,2,1,153,1097
MAGDALENA,1,0,0,0,0,0,1098
